item_id,d_c,is_correct,req_families,used_families,missing_required,ident_ok,failure_stage,resp_chars,solve_error,judge_error
PHYBench_321,1,1,,angular_momentum;energy,,1,,3163,,
PHYBench_83,0,0,,,,1,execution,3075,,
PHYBench_600,0,0,,,,1,execution,2835,,
PHYBench_285,0,0,,,,1,execution,3951,,
PHYBench_495,0,0,,,,1,execution,3539,,
PHYBench_674,4,0,energy;momentum,angular_momentum;momentum,energy,0,identification,4258,,
PHYBench_41,1,1,,momentum,,1,,1994,,
PHYBench_33,1,0,,energy,,1,execution,2734,,
PHYBench_453,1,1,,,,1,,2730,,
PHYBench_10,1,1,,,,1,,3014,,
PHYBench_281,0,1,,,,1,,2912,,
PHYBench_54,1,0,,momentum,,1,execution,5316,,
PHYBench_134,0,1,,,,1,,2058,,
PHYBench_630,1,0,,energy;mass,,1,execution,3310,,
PHYBench_95,1,0,,,,1,execution,4188,,
PHYBench_101,5,0,angular_momentum,,angular_momentum,0,identification,4154,,
PHYBench_650,2,0,,energy,,1,execution,4146,,
PHYBench_332,4,0,angular_momentum,energy,angular_momentum,0,identification,4434,,
PHYBench_250,1,0,,charge;mass,,1,execution,4071,,
PHYBench_133,0,1,,,,1,,2723,,
PHYBench_409,1,0,,,,1,execution,3605,,
PHYBench_336,2,0,,energy,,1,execution,3011,,
PHYBench_88,2,0,,energy;momentum,,1,execution,3131,,
PHYBench_105,1,0,,,,1,execution,3998,,
PHYBench_702,0,1,,,,1,,3284,,
PHYBench_367,0,0,,energy,,1,execution,3303,,
PHYBench_617,2,0,angular_momentum;energy;momentum,angular_momentum;momentum,energy,0,identification,4266,,
PHYBench_497,1,0,,energy,,1,execution,3607,,
PHYBench_457,2,0,momentum,angular_momentum;energy;momentum,,1,execution,4255,,
PHYBench_39,1,1,,,,1,,1448,,
PHYBench_432,1,0,,energy,,1,execution,3653,,
PHYBench_284,0,1,,,,1,,3178,,
PHYBench_124,1,1,,,,1,,2725,,
PHYBench_55,0,1,,,,1,,2716,,
PHYBench_458,1,1,,mass;momentum,,1,,2134,,
PHYBench_419,0,0,,,,1,execution,3234,,
PHYBench_206,0,1,,,,1,,2434,,
PHYBench_204,0,1,,,,1,,2771,,
PHYBench_478,1,0,,,,1,execution,2353,,
PHYBench_259,0,0,,,,1,execution,3028,,
PHYBench_71,2,0,,,,1,execution,4068,,
PHYBench_766,2,0,,energy,,1,execution,3592,,
PHYBench_716,2,0,angular_momentum,,angular_momentum,0,identification,4438,,
PHYBench_103,1,0,,charge,,1,execution,3100,,
PHYBench_310,3,0,energy,energy;momentum,,1,execution,3959,,
PHYBench_112,2,0,,charge;mass,,1,execution,2923,,
PHYBench_110,2,0,,energy,,1,execution,4004,,
PHYBench_256,3,0,angular_momentum,angular_momentum;energy;momentum,,1,execution,3777,,
PHYBench_331,0,0,,,,1,execution,2973,,
PHYBench_505,1,0,,,,1,execution,3928,,
PHYBench_498,0,0,,,,1,execution,3663,,
PHYBench_737,3,0,angular_momentum;energy,angular_momentum,energy,0,identification,2779,,
PHYBench_420,1,0,,energy,,1,execution,2435,,
PHYBench_636,3,0,angular_momentum,,angular_momentum,0,identification,3916,,
PHYBench_228,3,0,,,,1,execution,3358,,
PHYBench_450,2,0,energy,energy,,1,execution,3237,,
PHYBench_708,0,0,,,,1,execution,3896,,
PHYBench_649,3,0,angular_momentum;energy,angular_momentum,energy,0,identification,3738,,
PHYBench_688,3,0,angular_momentum,angular_momentum;momentum,,1,execution,3356,,
PHYBench_318,0,0,,,,1,execution,2521,,
PHYBench_118,1,0,,charge,,1,execution,3739,,
PHYBench_143,0,0,,energy,,1,execution,1714,,
PHYBench_62,1,0,,energy,,1,execution,2995,,
PHYBench_443,0,1,,,,1,,3470,,
PHYBench_401,3,0,angular_momentum,angular_momentum,,1,execution,2827,,
PHYBench_493,2,0,,,,1,execution,2827,,
PHYBench_115,1,0,,,,1,execution,3145,,
PHYBench_69,3,0,angular_momentum,angular_momentum;energy,,1,execution,3255,,
PHYBench_65,2,0,,energy,,1,execution,3785,,
PHYBench_709,1,0,,energy,,1,execution,2256,,
PHYBench_131,0,1,,,,1,,3344,,
PHYBench_423,1,0,entropy,energy;entropy,,1,execution,3207,,
PHYBench_36,2,0,,mass,,1,execution,3241,,
PHYBench_333,2,0,,angular_momentum,,1,execution,3191,,
PHYBench_50,1,0,energy,energy,,1,execution,3021,,
PHYBench_221,3,0,angular_momentum,angular_momentum,,1,execution,2595,,
PHYBench_120,1,0,,energy;entropy,,1,execution,2956,,
PHYBench_121,0,0,,,,1,execution,4029,,
PHYBench_648,3,0,angular_momentum;momentum,angular_momentum;energy;momentum,,1,execution,4592,,
PHYBench_603,0,1,,,,1,,1589,,
PHYBench_670,1,1,,,,1,,2535,,
PHYBench_72,1,0,energy,energy;entropy,,1,execution,3515,,
PHYBench_719,1,1,,,,1,,2944,,
PHYBench_140,0,1,,,,1,,4651,,
PHYBench_653,2,0,,energy,,1,execution,3721,,
PHYBench_139,0,0,,,,1,execution,2436,,
PHYBench_211,0,0,,,,1,execution,3178,,
PHYBench_106,1,0,energy,energy,,1,execution,4439,,
PHYBench_58,0,,,charge,,1,,3035,,judge_parse
PHYBench_43,1,0,momentum,charge,momentum,0,identification,2866,,
PHYBench_412,0,0,,,,1,execution,3181,,
PHYBench_42,2,0,angular_momentum;energy,angular_momentum,energy,0,identification,3014,,
PHYBench_117,2,0,momentum,energy;mass;momentum,,1,execution,3684,,
PHYBench_45,2,0,energy,entropy;mass,energy,0,identification,3244,,
PHYBench_244,0,1,,energy,,1,,2978,,
PHYBench_654,1,0,momentum,energy;momentum,,1,execution,3215,,
PHYBench_25,4,1,,angular_momentum;energy,,1,,3316,,
PHYBench_37,3,0,,,,1,execution,4131,,
PHYBench_100,1,0,,,,1,execution,3334,,
OlympiadBench_807,1,1,,energy,,1,,1242,,
OlympiadBench_806,0,1,,,,1,,1641,,
OlympiadBench_802,1,0,momentum,energy,momentum,0,identification,2023,,
OlympiadBench_803,1,0,,energy,,1,execution,2221,,
PHYBench_89,2,0,angular_momentum,angular_momentum,,1,execution,3866,,
OlympiadBench_808,0,1,,,,1,,1652,,
OlympiadBench_816,0,0,,,,1,execution,1322,,
OlympiadBench_810,0,1,,,,1,,2673,,
OlympiadBench_812,1,1,,charge,,1,,2987,,
OlympiadBench_811,0,0,,,,1,execution,2477,,
OlympiadBench_814,0,1,,,,1,,2632,,
OlympiadBench_813,1,0,energy,energy,,1,execution,3156,,
OlympiadBench_819,2,1,,mass;momentum,,1,,1238,,
OlympiadBench_817,1,1,,energy;momentum,,1,,2812,,
OlympiadBench_821,2,1,momentum,energy;momentum,,1,,1888,,
OlympiadBench_823,2,0,,,,1,execution,3409,,
OlympiadBench_826,1,0,,,,1,execution,3192,,
OlympiadBench_828,1,0,energy,energy,,1,execution,3860,,
OlympiadBench_835,2,0,energy;momentum,energy;momentum,,1,execution,3810,,
OlympiadBench_837,0,0,,,,1,execution,3134,,
OlympiadBench_840,1,0,energy,energy,,1,execution,1894,,
OlympiadBench_836,1,0,,,,1,execution,3730,,
OlympiadBench_842,1,0,,,,1,execution,2172,,
OlympiadBench_844,0,0,,,,1,execution,2308,,
OlympiadBench_847,0,0,,,,1,execution,2797,,
OlympiadBench_851,0,1,momentum,,momentum,0,,1834,,
OlympiadBench_853,1,0,energy,,energy,0,identification,2342,,
OlympiadBench_849,1,0,,energy,,1,execution,3525,,
OlympiadBench_856,0,0,,,,1,execution,3477,,
OlympiadBench_860,2,0,energy,energy,,1,execution,3236,,
OlympiadBench_863,2,1,momentum,energy;momentum,,1,,2413,,
OlympiadBench_861,1,0,energy,energy,,1,execution,4113,,
OlympiadBench_866,1,0,momentum,momentum,,1,execution,2750,,
OlympiadBench_868,0,0,,,,1,execution,2343,,
OlympiadBench_865,1,0,,angular_momentum;energy,,1,execution,3630,,
OlympiadBench_869,0,1,,,,1,,3778,,
OlympiadBench_872,0,1,,,,1,,1837,,
OlympiadBench_873,0,1,,energy,,1,,1526,,
OlympiadBench_871,0,0,momentum,momentum,,1,execution,3847,,
OlympiadBench_876,1,0,,energy,,1,execution,2363,,
OlympiadBench_870,0,0,,,,1,execution,4621,,
OlympiadBench_877,1,1,,,,1,,1145,,
OlympiadBench_878,0,0,,,,1,execution,1529,,
OlympiadBench_884,1,1,entropy,energy;entropy;mass,,1,,1634,,
OlympiadBench_881,1,1,,energy,,1,,2987,,
OlympiadBench_883,1,1,,,,1,,2986,,
OlympiadBench_885,2,0,,momentum,,1,execution,3386,,
OlympiadBench_888,1,0,,energy,,1,execution,3019,,
OlympiadBench_891,1,0,,energy,,1,execution,2175,,
OlympiadBench_890,0,0,,,,1,execution,4436,,
OlympiadBench_893,1,0,,,,1,execution,4060,,
OlympiadBench_898,0,0,,,,1,execution,2626,,
OlympiadBench_894,1,0,,,,1,execution,4266,,
OlympiadBench_897,2,0,,energy,,1,execution,3135,,
OlympiadBench_899,2,0,energy,energy;momentum,,1,execution,3738,,
OlympiadBench_900,0,0,,,,1,execution,3184,,
OlympiadBench_903,0,1,,energy,,1,,2009,,
OlympiadBench_905,1,1,,energy,,1,,1940,,
OlympiadBench_902,1,0,,energy,,1,execution,3156,,
OlympiadBench_901,1,0,,charge,,1,execution,3487,,
OlympiadBench_908,1,0,,energy,,1,execution,2302,,
OlympiadBench_907,0,0,,,,1,execution,2983,,
OlympiadBench_909,0,0,,,,1,execution,2948,,
OlympiadBench_910,3,0,angular_momentum,angular_momentum;energy,,1,execution,3139,,
OlympiadBench_912,1,0,,energy,,1,execution,2853,,
OlympiadBench_911,0,1,,momentum,,1,,3753,,
OlympiadBench_915,1,0,,,,1,execution,3604,,
OlympiadBench_917,1,0,,angular_momentum;momentum,,1,execution,3759,,
OlympiadBench_919,1,1,,,,1,,2826,,
OlympiadBench_918,0,0,,energy,,1,execution,3750,,
OlympiadBench_922,1,0,entropy,energy,entropy,0,identification,3807,,
OlympiadBench_928,2,0,,energy,,1,execution,2398,,
OlympiadBench_923,1,0,energy,angular_momentum;energy,,1,execution,4000,,
OlympiadBench_936,0,0,,,,1,execution,1142,,
OlympiadBench_926,1,0,,,,1,execution,3855,,
OlympiadBench_939,0,0,,,,1,execution,1174,,
OlympiadBench_929,1,0,,,,1,execution,2888,,
OlympiadBench_940,0,0,,,,1,execution,635,,
OlympiadBench_941,0,1,,,,1,,893,,
OlympiadBench_942,0,1,,,,1,,1192,,
OlympiadBench_944,1,1,,,,1,,1358,,
OlympiadBench_954,0,1,,energy,,1,,1205,,
OlympiadBench_956,1,0,,,,1,execution,932,,
OlympiadBench_949,0,0,,,,1,execution,1759,,
OlympiadBench_947,1,1,,,,1,,2823,,
OlympiadBench_955,0,1,,,,1,,2808,,
OlympiadBench_957,0,0,,,,1,execution,2549,,
OlympiadBench_972,0,0,,,,1,execution,2568,,
OlympiadBench_974,0,0,,,,1,execution,2151,,
OlympiadBench_982,0,1,,,,1,,976,,
OlympiadBench_984,1,0,,,,1,execution,1238,,
OlympiadBench_973,0,0,,,,1,execution,3023,,
OlympiadBench_986,0,0,,,,1,execution,1259,,
OlympiadBench_989,1,0,,angular_momentum;energy,,1,execution,1682,,
OlympiadBench_988,1,1,,,,1,,2119,,
OlympiadBench_985,1,0,,,,1,execution,2212,,
OlympiadBench_987,2,0,,,,1,execution,2456,,
OlympiadBench_1006,1,0,,,,1,execution,1736,,
OlympiadBench_1013,0,0,,,,1,execution,1704,,
OlympiadBench_1016,0,0,,,,1,execution,1662,,
OlympiadBench_1012,0,0,,,,1,execution,3475,,
OlympiadBench_1014,1,0,,,,1,execution,3482,,
OlympiadBench_1017,0,0,,energy,,1,execution,2916,,
OlympiadBench_1050,1,1,,,,1,,1238,,
OlympiadBench_1051,1,0,,energy,,1,execution,1195,,
OlympiadBench_1015,1,0,,,,1,execution,4226,,
OlympiadBench_1053,1,1,,,,1,,1048,,
OlympiadBench_1052,1,0,,energy,,1,execution,1588,,
OlympiadBench_1054,0,,,,,1,,1462,,judge_parse
OlympiadBench_1018,1,0,,energy,,1,execution,3686,,
OlympiadBench_1060,0,1,,energy,,1,,1731,,
OlympiadBench_1065,0,0,,,,1,execution,684,,
OlympiadBench_1062,0,0,,,,1,execution,2058,,
OlympiadBench_1061,0,1,,,,1,,2427,,
OlympiadBench_1064,0,0,,energy,,1,execution,1965,,
OlympiadBench_1063,0,,,,,1,,3325,,judge_parse
OlympiadBench_1067,0,0,,,,1,execution,1335,,
OlympiadBench_1068,1,1,,,,1,,1468,,
OlympiadBench_1069,0,0,,energy,,1,execution,2076,,
OlympiadBench_1066,0,0,,momentum,,1,execution,2869,,
OlympiadBench_1070,1,0,,energy,,1,execution,1810,,
OlympiadBench_1071,1,0,,mass;momentum,,1,execution,1334,,
OlympiadBench_1072,1,1,,,,1,,1819,,
OlympiadBench_1073,1,0,,,,1,execution,2469,,
OlympiadBench_1101,0,0,,,,1,execution,1293,,
OlympiadBench_1097,4,0,,energy,,1,execution,3451,,
OlympiadBench_1098,1,0,energy,energy,,1,execution,2953,,
OlympiadBench_1099,1,0,momentum,,momentum,0,identification,3225,,
PhysReason_cal_problem_00069,2,0,energy,energy;momentum,,1,execution,2882,,
PhysReason_cal_problem_00224,1,1,,mass,,1,,1677,,
PhysReason_cal_problem_00252,0,0,,,,1,execution,1262,,
PhysReason_cal_problem_00273,0,0,,energy,,1,execution,411,,
PhysReason_cal_problem_00272,1,0,,energy,,1,execution,1711,,
PhysReason_cal_problem_00365,0,1,,,,1,,897,,
PhysReason_cal_problem_00418,0,1,,,,1,,1217,,
PhysReason_cal_problem_00346,1,0,energy,energy,,1,execution,1886,,
PhysReason_cal_problem_00340,1,0,,,,1,execution,1804,,
PhysReason_cal_problem_00419,0,1,,,,1,,665,,
PhysReason_cal_problem_00432,0,1,,,,1,,1244,,
PhysReason_cal_problem_00575,0,1,,energy,,1,,1657,,
PhysReason_cal_problem_00665,2,0,,,,1,execution,876,,
PhysReason_cal_problem_00577,1,0,,energy,,1,execution,1172,,
PhysReason_cal_problem_00701,0,0,,,,1,execution,1790,,
PhysReason_cal_problem_00840,0,1,,,,1,,972,,
PhysReason_cal_problem_00915,0,0,,,,1,execution,837,,
PhysReason_cal_problem_00736,0,1,,,,1,,1970,,
PhysReason_cal_problem_00906,0,1,,,,1,,1247,,
PhysReason_cal_problem_00945,1,0,,energy,,1,execution,1503,,
PhysReason_cal_problem_01115,0,0,,,,1,execution,1007,,
PhysReason_cal_problem_01276,0,0,,energy,,1,execution,827,,
PhysReason_cal_problem_01211,0,0,,,,1,execution,963,,
PhysReason_cal_problem_01375,0,0,,,,1,execution,854,,
PhysReason_cal_problem_01390,2,0,,energy,,1,execution,917,,
PhysReason_cal_problem_01184,0,0,momentum,momentum,,1,execution,2231,,
PhysReason_cal_problem_01098,0,0,momentum,momentum,,1,execution,2655,,
PhysReason_cal_problem_01515,0,1,,,,1,,854,,
PhysReason_cal_problem_01469,0,0,,,,1,execution,1408,,
PhysReason_comp_problem_95,3,0,momentum,momentum,,1,execution,2197,,
PhysReason_comp_problem_4,0,0,,,,1,execution,2,,
